{
  "experimentName": "LinearRegression2021_11_07_15_37_54_234836",
  "modelType": "LinearRegression",
  "modelWrapper": "LinearRegression()",
  "trainingConfig": {
    "learning_rate": 3e-06,
    "max_epochs": 2000,
    "use_early_stopping": true,
    "early_stopping_patience": 10
  },
  "trainingReport": null,
  "evaluation": {
    "total_mape_loss": 0.03090597130358219,
    "total_mase_loss": 0.4864218235015869,
    "mape_losses_by_prediction_variable": {
      "0": 0.014328932389616966,
      "1": 0.019565699622035027,
      "2": 0.02269362471997738,
      "3": 0.024892868474125862,
      "4": 0.02671746164560318,
      "5": 0.028333764523267746,
      "6": 0.029515236616134644,
      "7": 0.030485525727272034,
      "8": 0.031386662274599075,
      "9": 0.03211939334869385,
      "10": 0.03282686695456505,
      "11": 0.033350709825754166,
      "12": 0.033799488097429276,
      "13": 0.034222617745399475,
      "14": 0.03452039510011673,
      "15": 0.03467625379562378,
      "16": 0.0347055085003376,
      "17": 0.03474361449480057,
      "18": 0.034744568169116974,
      "19": 0.03475086763501167,
      "20": 0.034764986485242844,
      "21": 0.034795165061950684,
      "22": 0.03483608737587929,
      "23": 0.03496702387928963
    },
    "mase_losses_by_prediction_variable": {
      "0": 0.23027843236923218,
      "1": 0.3140348792076111,
      "2": 0.36281365156173706,
      "3": 0.3968321681022644,
      "4": 0.4247528612613678,
      "5": 0.449262410402298,
      "6": 0.4671124219894409,
      "7": 0.48142844438552856,
      "8": 0.4947795271873474,
      "9": 0.5059375762939453,
      "10": 0.516342282295227,
      "11": 0.5237545371055603,
      "12": 0.5306676030158997,
      "13": 0.5375629663467407,
      "14": 0.542031466960907,
      "15": 0.5439291596412659,
      "16": 0.5439643263816833,
      "17": 0.544124960899353,
      "18": 0.5437944531440735,
      "19": 0.5434536933898926,
      "20": 0.5434549450874329,
      "21": 0.5438030958175659,
      "22": 0.544348955154419,
      "23": 0.5465633273124695
    }
  }
}